{"accuracy": [0.7092700004577637, 0.8710500001907349, 0.9048699736595154, 0.9241399765014648, 0.9357799887657166, 0.9436600208282471, 0.9507700204849243, 0.9554700255393982], "loss": [0.934203028678894, 0.4345412850379944, 0.32042396068573, 0.2565684914588928, 0.21644467115402222, 0.18654783070087433, 0.1642482578754425, 0.14674688875675201], "val_accuracy": [0.8686000108718872, 0.9044666886329651, 0.9205333590507507, 0.9297333359718323, 0.9341999888420105, 0.9342666864395142, 0.9381999969482422, 0.9377333521842957], "val_loss": [0.45757269859313965, 0.33946681022644043, 0.2814987599849701, 0.2595747113227844, 0.2515057325363159, 0.2584614157676697, 0.25338611006736755, 0.2671114504337311]}