{"accuracy": [0.2624399960041046, 0.6455100178718567, 0.7810699939727783, 0.8358500003814697, 0.8665400147438049, 0.8855000138282776, 0.9037100076675415, 0.9142900109291077, 0.924340009689331, 0.9306300282478333, 0.9367200136184692, 0.9418799877166748, 0.9469500184059143, 0.9500899910926819, 0.9531000256538391], "loss": [2.1832895278930664, 1.1627978086471558, 0.7436326742172241, 0.5658141374588013, 0.4599078595638275, 0.39282500743865967, 0.3307356536388397, 0.2946966886520386, 0.25947919487953186, 0.2353775054216385, 0.21577142179012299, 0.19751465320587158, 0.18046234548091888, 0.16700218617916107, 0.15429241955280304], "val_accuracy": [0.5784666538238525, 0.8011999726295471, 0.8745999932289124, 0.8984666466712952, 0.9104666709899902, 0.920199990272522, 0.9295333623886108, 0.9276666641235352, 0.9381333589553833, 0.9404666423797607, 0.9397333264350891, 0.9421333074569702, 0.9447333216667175, 0.946399986743927, 0.9469333291053772], "val_loss": [1.3433763980865479, 0.6726939082145691, 0.4233192503452301, 0.3508984446525574, 0.3207225799560547, 0.27841827273368835, 0.2582815885543823, 0.25591689348220825, 0.23842774331569672, 0.2341565489768982, 0.23819464445114136, 0.2242448627948761, 0.22208213806152344, 0.2183370739221573, 0.23604190349578857]}